text_id,text,personality
1,"Honestly, i'm sensitive to the needs of those around me. helping others brings me joy.",empathetic
2,I'm assertive and direct in my communication. I enjoy organizing people toward goals.,leader
3,I'm outgoing and enjoy being the center of attention. Parties and events are my favorite.,extrovert
4,I would say that i easily sense how others are feeling. i'm deeply affected by others' emotions.,empathetic
5,I think before I speak and prefer writing to express myself. I'm comfortable with silence.,introvert
6,I would say that i enjoy peaceful activities like reading and reflection. too much social interaction exhausts me.,introvert
7,I would say that i'm spontaneous and enjoy taking risks. travel and exploration are essential to me.,adventurous
8,I need solitude to process my thoughts and feelings. I'm selective about social activities. This is just who I am.,introvert
9,I'm motivated by achievement and inspiring others. I thrive on challenges and responsibility.,leader
10,I enjoy breaking down complicated systems to understand how they work. Numbers fascinate me. It's something I've always known about myself.,analytical
11,I would say that i'm outgoing and enjoy being the center of attention. parties and events are my favorite.,extrovert
12,"Honestly, i'm organized and methodical. mistakes bother me and i always aim to improve.",perfectionist
13,"Honestly, i need solitude to process my thoughts and feelings. i'm selective about social activities.",introvert
14,I prefer quiet time alone to recharge. Large social gatherings can be overwhelming. This is just who I am.,introvert
15,I prefer structured environments where I can apply logical reasoning. I question everything. It's something I've always known about myself.,analytical
16,"Honestly, i'm very talkative and enjoy sharing my experiences. being alone for too long drains me.",extrovert
17,I naturally take charge in group situations. I'm confident in making decisions.,leader
18,I'm critical of my own work and constantly seek to refine it. I'm very disciplined. This is just who I am.,perfectionist
19,"Honestly, i feel things deeply and am moved by kindness. i'm naturally nurturing and caring.",empathetic
20,I'm committed to doing things the right way. I take pride in producing flawless work.,perfectionist
21,I need solitude to process my thoughts and feelings. I'm selective about social activities. It's something I've always known about myself.,introvert
22,"Honestly, i thrive in social situations and love meeting new people. group activities energize me.",extrovert
23,I have high standards for myself and others. I pay attention to every detail.,perfectionist
24,"Honestly, i'm motivated by achievement and inspiring others. i thrive on challenges and responsibility.",leader
25,I prefer working in teams and collaborating with others. Social interaction is essential to me. It's something I've always known about myself.,extrovert
26,"Honestly, i'm critical of my own work and constantly seek to refine it. i'm very disciplined.",perfectionist
27,I prefer structured environments where I can apply logical reasoning. I question everything. It's something I've always known about myself.,analytical
28,I feel things deeply and am moved by kindness. I'm naturally nurturing and caring.,empathetic
29,I'm motivated by achievement and inspiring others. I thrive on challenges and responsibility. It's something I've always known about myself.,leader
30,I prefer structured environments where I can apply logical reasoning. I question everything. It's something I've always known about myself.,analytical
31,I would say that i'm critical of my own work and constantly seek to refine it. i'm very disciplined.,perfectionist
32,I love brainstorming and exploring unconventional approaches. Creativity is my passion.,creative
33,I take initiative and am comfortable with authority. I focus on the big picture.,leader
34,I prefer quiet time alone to recharge. Large social gatherings can be overwhelming. It's something I've always known about myself.,introvert
35,"Honestly, i can put myself in others' shoes and understand their perspectives. i'm very compassionate.",empathetic
36,I would say that i love solving complex problems using logic and data. i analyze everything systematically.,analytical
37,I would say that i prefer structured environments where i can apply logical reasoning. i question everything.,analytical
38,I love outdoor activities and physical challenges. New experiences energize me. It's something I've always known about myself.,adventurous
39,I love brainstorming and exploring unconventional approaches. Creativity is my passion. This is just who I am.,creative
40,I would say that i approach situations methodically and look for patterns. i'm good at critical thinking.,analytical
41,"Honestly, i'm organized and methodical. mistakes bother me and i always aim to improve.",perfectionist
42,"Honestly, i need solitude to process my thoughts and feelings. i'm selective about social activities.",introvert
43,I need solitude to process my thoughts and feelings. I'm selective about social activities. It's something I've always known about myself.,introvert
44,I get my energy from interacting with others. I love networking and making connections. It's something I've always known about myself.,extrovert
45,I would say that i think before i speak and prefer writing to express myself. i'm comfortable with silence.,introvert
46,I would say that i have high standards for myself and others. i pay attention to every detail.,perfectionist
47,I would say that i love solving complex problems using logic and data. i analyze everything systematically.,analytical
48,I express myself through art and creativity. I see the world from unique perspectives. It's something I've always known about myself.,creative
49,"Honestly, i thrive in social situations and love meeting new people. group activities energize me.",extrovert
50,"Honestly, i'm always coming up with new ideas and innovative solutions. routine feels limiting.",creative
51,"Honestly, i prefer working in teams and collaborating with others. social interaction is essential to me.",extrovert
52,I love outdoor activities and physical challenges. New experiences energize me.,adventurous
53,"Honestly, i love trying new things and stepping out of my comfort zone. i crave excitement.",adventurous
54,I prefer quiet time alone to recharge. Large social gatherings can be overwhelming.,introvert
55,"Honestly, i'm critical of my own work and constantly seek to refine it. i'm very disciplined.",perfectionist
56,I prefer working in teams and collaborating with others. Social interaction is essential to me.,extrovert
57,I feel things deeply and am moved by kindness. I'm naturally nurturing and caring. This is just who I am.,empathetic
58,"Honestly, i love brainstorming and exploring unconventional approaches. creativity is my passion.",creative
59,I would say that i get my energy from interacting with others. i love networking and making connections.,extrovert
60,"Honestly, i'm drawn to beauty and aesthetics. i enjoy experimenting with different creative mediums.",creative
61,"Honestly, i approach situations methodically and look for patterns. i'm good at critical thinking.",analytical
62,I take initiative and am comfortable with authority. I focus on the big picture.,leader
63,I'm assertive and direct in my communication. I enjoy organizing people toward goals.,leader
64,I prefer quiet time alone to recharge. Large social gatherings can be overwhelming. This is just who I am.,introvert
65,"Honestly, i prefer structured environments where i can apply logical reasoning. i question everything.",analytical
66,I'm outgoing and enjoy being the center of attention. Parties and events are my favorite. It's something I've always known about myself.,extrovert
67,I'm organized and methodical. Mistakes bother me and I always aim to improve.,perfectionist
68,I'm assertive and direct in my communication. I enjoy organizing people toward goals. It's something I've always known about myself.,leader
69,I plan everything carefully and don't like leaving things to chance. Quality over speed. It's something I've always known about myself.,perfectionist
70,I would say that i prefer quiet time alone to recharge. large social gatherings can be overwhelming.,introvert
71,I would say that i love trying new things and stepping out of my comfort zone. i crave excitement.,adventurous
72,I enjoy breaking down complicated systems to understand how they work. Numbers fascinate me.,analytical
73,I'm outgoing and enjoy being the center of attention. Parties and events are my favorite. It's something I've always known about myself.,extrovert
74,I prefer working in teams and collaborating with others. Social interaction is essential to me.,extrovert
75,"Honestly, i'm organized and methodical. mistakes bother me and i always aim to improve.",perfectionist
76,I would say that i easily sense how others are feeling. i'm deeply affected by others' emotions.,empathetic
77,I'm a good listener and people come to me for support. I prioritize harmony in relationships.,empathetic
78,I plan everything carefully and don't like leaving things to chance. Quality over speed.,perfectionist
79,I'm drawn to beauty and aesthetics. I enjoy experimenting with different creative mediums. This is just who I am.,creative
80,I would say that i'm decisive and action-oriented. i enjoy mentoring and building teams.,leader
81,"Honestly, i get my energy from interacting with others. i love networking and making connections.",extrovert
82,I get my energy from interacting with others. I love networking and making connections.,extrovert
83,"Honestly, i can put myself in others' shoes and understand their perspectives. i'm very compassionate.",empathetic
84,I would say that i naturally take charge in group situations. i'm confident in making decisions.,leader
85,I'm motivated by achievement and inspiring others. I thrive on challenges and responsibility. It's something I've always known about myself.,leader
86,I would say that i think before i speak and prefer writing to express myself. i'm comfortable with silence.,introvert
87,I feel things deeply and am moved by kindness. I'm naturally nurturing and caring. It's something I've always known about myself.,empathetic
88,"Honestly, i'm open to change and adapt easily. i live for adventure and making memories.",adventurous
89,I approach situations methodically and look for patterns. I'm good at critical thinking.,analytical
90,"Honestly, i think before i speak and prefer writing to express myself. i'm comfortable with silence.",introvert
91,I feel things deeply and am moved by kindness. I'm naturally nurturing and caring.,empathetic
92,I'm open to change and adapt easily. I live for adventure and making memories.,adventurous
93,I would say that i make decisions based on facts and evidence. i'm detail-oriented and thorough.,analytical
94,"Honestly, i feel things deeply and am moved by kindness. i'm naturally nurturing and caring.",empathetic
95,"Honestly, i'm always coming up with new ideas and innovative solutions. routine feels limiting.",creative
96,I'm spontaneous and enjoy taking risks. Travel and exploration are essential to me. This is just who I am.,adventurous
97,I have high standards for myself and others. I pay attention to every detail. This is just who I am.,perfectionist
98,I'm organized and methodical. Mistakes bother me and I always aim to improve.,perfectionist
99,I would say that i'm sensitive to the needs of those around me. helping others brings me joy.,empathetic
100,I prefer quiet time alone to recharge. Large social gatherings can be overwhelming.,introvert
101,I would say that i'm sensitive to the needs of those around me. helping others brings me joy.,empathetic
102,I make decisions based on facts and evidence. I'm detail-oriented and thorough. This is just who I am.,analytical
103,"Honestly, i thrive in social situations and love meeting new people. group activities energize me.",extrovert
104,I would say that i think before i speak and prefer writing to express myself. i'm comfortable with silence.,introvert
105,I'm always coming up with new ideas and innovative solutions. Routine feels limiting. It's something I've always known about myself.,creative
106,"Honestly, i'm very talkative and enjoy sharing my experiences. being alone for too long drains me.",extrovert
107,I'm outgoing and enjoy being the center of attention. Parties and events are my favorite. It's something I've always known about myself.,extrovert
108,I approach situations methodically and look for patterns. I'm good at critical thinking. It's something I've always known about myself.,analytical
109,I plan everything carefully and don't like leaving things to chance. Quality over speed. This is just who I am.,perfectionist
110,I would say that i love outdoor activities and physical challenges. new experiences energize me.,adventurous
111,"Honestly, i make decisions based on facts and evidence. i'm detail-oriented and thorough.",analytical
112,"Honestly, i'm committed to doing things the right way. i take pride in producing flawless work.",perfectionist
113,I'm motivated by achievement and inspiring others. I thrive on challenges and responsibility. This is just who I am.,leader
114,I'm organized and methodical. Mistakes bother me and I always aim to improve. This is just who I am.,perfectionist
115,I'm assertive and direct in my communication. I enjoy organizing people toward goals. It's something I've always known about myself.,leader
116,I think before I speak and prefer writing to express myself. I'm comfortable with silence. It's something I've always known about myself.,introvert
117,I need solitude to process my thoughts and feelings. I'm selective about social activities. It's something I've always known about myself.,introvert
118,"Honestly, i'm motivated by achievement and inspiring others. i thrive on challenges and responsibility.",leader
119,I'm spontaneous and enjoy taking risks. Travel and exploration are essential to me. This is just who I am.,adventurous
120,I'm assertive and direct in my communication. I enjoy organizing people toward goals.,leader
121,I express myself through art and creativity. I see the world from unique perspectives.,creative
122,I make decisions based on facts and evidence. I'm detail-oriented and thorough. It's something I've always known about myself.,analytical
123,I'm very talkative and enjoy sharing my experiences. Being alone for too long drains me. This is just who I am.,extrovert
124,I'm open to change and adapt easily. I live for adventure and making memories. This is just who I am.,adventurous
125,I would say that i'm outgoing and enjoy being the center of attention. parties and events are my favorite.,extrovert
126,I'm always coming up with new ideas and innovative solutions. Routine feels limiting. This is just who I am.,creative
127,I have high standards for myself and others. I pay attention to every detail. It's something I've always known about myself.,perfectionist
128,I'm always seeking the next thrill or challenge. I prefer action over planning. This is just who I am.,adventurous
129,I think in abstract concepts and metaphors. Imagination drives my decisions.,creative
130,I would say that i easily sense how others are feeling. i'm deeply affected by others' emotions.,empathetic
131,I would say that i'm always seeking the next thrill or challenge. i prefer action over planning.,adventurous
132,I would say that i approach situations methodically and look for patterns. i'm good at critical thinking.,analytical
133,I take initiative and am comfortable with authority. I focus on the big picture. It's something I've always known about myself.,leader
134,"Honestly, i love brainstorming and exploring unconventional approaches. creativity is my passion.",creative
135,I make decisions based on facts and evidence. I'm detail-oriented and thorough. It's something I've always known about myself.,analytical
136,I express myself through art and creativity. I see the world from unique perspectives. It's something I've always known about myself.,creative
137,I feel things deeply and am moved by kindness. I'm naturally nurturing and caring. It's something I've always known about myself.,empathetic
138,I take initiative and am comfortable with authority. I focus on the big picture. This is just who I am.,leader
139,I would say that i'm sensitive to the needs of those around me. helping others brings me joy.,empathetic
140,"Honestly, i love outdoor activities and physical challenges. new experiences energize me.",adventurous
141,I would say that i thrive in social situations and love meeting new people. group activities energize me.,extrovert
142,I would say that i prefer structured environments where i can apply logical reasoning. i question everything.,analytical
143,I would say that i'm motivated by achievement and inspiring others. i thrive on challenges and responsibility.,leader
144,I express myself through art and creativity. I see the world from unique perspectives.,creative
145,I think in abstract concepts and metaphors. Imagination drives my decisions. It's something I've always known about myself.,creative
146,I naturally take charge in group situations. I'm confident in making decisions. This is just who I am.,leader
147,I enjoy peaceful activities like reading and reflection. Too much social interaction exhausts me.,introvert
148,I prefer structured environments where I can apply logical reasoning. I question everything. It's something I've always known about myself.,analytical
149,I'm drawn to beauty and aesthetics. I enjoy experimenting with different creative mediums. It's something I've always known about myself.,creative
150,I'm organized and methodical. Mistakes bother me and I always aim to improve. It's something I've always known about myself.,perfectionist
151,I'm very talkative and enjoy sharing my experiences. Being alone for too long drains me.,extrovert
152,I'm always seeking the next thrill or challenge. I prefer action over planning.,adventurous
153,I would say that i'm assertive and direct in my communication. i enjoy organizing people toward goals.,leader
154,I'm drawn to beauty and aesthetics. I enjoy experimenting with different creative mediums.,creative
155,I get my energy from interacting with others. I love networking and making connections.,extrovert
156,I express myself through art and creativity. I see the world from unique perspectives. This is just who I am.,creative
157,I make decisions based on facts and evidence. I'm detail-oriented and thorough. This is just who I am.,analytical
158,I would say that i think before i speak and prefer writing to express myself. i'm comfortable with silence.,introvert
159,"Honestly, i'm open to change and adapt easily. i live for adventure and making memories.",adventurous
160,"Honestly, i'm critical of my own work and constantly seek to refine it. i'm very disciplined.",perfectionist
161,I would say that i have high standards for myself and others. i pay attention to every detail.,perfectionist
162,I'm a good listener and people come to me for support. I prioritize harmony in relationships. This is just who I am.,empathetic
163,I'm decisive and action-oriented. I enjoy mentoring and building teams.,leader
164,I love brainstorming and exploring unconventional approaches. Creativity is my passion. This is just who I am.,creative
165,I plan everything carefully and don't like leaving things to chance. Quality over speed. It's something I've always known about myself.,perfectionist
166,I think before I speak and prefer writing to express myself. I'm comfortable with silence. It's something I've always known about myself.,introvert
167,I'm organized and methodical. Mistakes bother me and I always aim to improve.,perfectionist
168,I'm drawn to beauty and aesthetics. I enjoy experimenting with different creative mediums.,creative
169,I enjoy breaking down complicated systems to understand how they work. Numbers fascinate me.,analytical
170,I'm sensitive to the needs of those around me. Helping others brings me joy. This is just who I am.,empathetic
171,I think before I speak and prefer writing to express myself. I'm comfortable with silence.,introvert
172,I would say that i enjoy peaceful activities like reading and reflection. too much social interaction exhausts me.,introvert
173,I enjoy breaking down complicated systems to understand how they work. Numbers fascinate me.,analytical
174,I would say that i prefer quiet time alone to recharge. large social gatherings can be overwhelming.,introvert
175,I enjoy breaking down complicated systems to understand how they work. Numbers fascinate me. This is just who I am.,analytical
176,I love outdoor activities and physical challenges. New experiences energize me. It's something I've always known about myself.,adventurous
177,I need solitude to process my thoughts and feelings. I'm selective about social activities.,introvert
178,"Honestly, i'm a good listener and people come to me for support. i prioritize harmony in relationships.",empathetic
179,I have a small circle of close friends. Deep one-on-one conversations are more meaningful to me. This is just who I am.,introvert
180,"Honestly, i get my energy from interacting with others. i love networking and making connections.",extrovert
181,I prefer working in teams and collaborating with others. Social interaction is essential to me. It's something I've always known about myself.,extrovert
182,I would say that i prefer structured environments where i can apply logical reasoning. i question everything.,analytical
183,I prefer structured environments where I can apply logical reasoning. I question everything. It's something I've always known about myself.,analytical
184,I express myself through art and creativity. I see the world from unique perspectives.,creative
185,I would say that i need solitude to process my thoughts and feelings. i'm selective about social activities.,introvert
186,I express myself through art and creativity. I see the world from unique perspectives.,creative
187,"Honestly, i'm open to change and adapt easily. i live for adventure and making memories.",adventurous
188,I easily sense how others are feeling. I'm deeply affected by others' emotions. This is just who I am.,empathetic
189,I love outdoor activities and physical challenges. New experiences energize me. This is just who I am.,adventurous
190,"Honestly, i'm always coming up with new ideas and innovative solutions. routine feels limiting.",creative
191,I prefer structured environments where I can apply logical reasoning. I question everything. This is just who I am.,analytical
192,I approach situations methodically and look for patterns. I'm good at critical thinking. It's something I've always known about myself.,analytical
193,I plan everything carefully and don't like leaving things to chance. Quality over speed.,perfectionist
194,I think before I speak and prefer writing to express myself. I'm comfortable with silence.,introvert
195,I love outdoor activities and physical challenges. New experiences energize me. This is just who I am.,adventurous
196,I love trying new things and stepping out of my comfort zone. I crave excitement. This is just who I am.,adventurous
197,I'm open to change and adapt easily. I live for adventure and making memories. This is just who I am.,adventurous
198,I'm organized and methodical. Mistakes bother me and I always aim to improve.,perfectionist
199,I would say that i'm spontaneous and enjoy taking risks. travel and exploration are essential to me.,adventurous
200,"Honestly, i'm spontaneous and enjoy taking risks. travel and exploration are essential to me.",adventurous
201,I express myself through art and creativity. I see the world from unique perspectives.,creative
202,I can put myself in others' shoes and understand their perspectives. I'm very compassionate. This is just who I am.,empathetic
203,I take initiative and am comfortable with authority. I focus on the big picture. This is just who I am.,leader
204,"Honestly, i easily sense how others are feeling. i'm deeply affected by others' emotions.",empathetic
205,I'm motivated by achievement and inspiring others. I thrive on challenges and responsibility. This is just who I am.,leader
206,I would say that i prefer structured environments where i can apply logical reasoning. i question everything.,analytical
207,I'm outgoing and enjoy being the center of attention. Parties and events are my favorite.,extrovert
208,"Honestly, i thrive in social situations and love meeting new people. group activities energize me.",extrovert
209,"Honestly, i'm always seeking the next thrill or challenge. i prefer action over planning.",adventurous
210,I would say that i think in abstract concepts and metaphors. imagination drives my decisions.,creative
211,I can put myself in others' shoes and understand their perspectives. I'm very compassionate. It's something I've always known about myself.,empathetic
212,I would say that i make decisions based on facts and evidence. i'm detail-oriented and thorough.,analytical
213,I'm always coming up with new ideas and innovative solutions. Routine feels limiting. It's something I've always known about myself.,creative
214,I love trying new things and stepping out of my comfort zone. I crave excitement.,adventurous
215,I'm decisive and action-oriented. I enjoy mentoring and building teams.,leader
216,I enjoy breaking down complicated systems to understand how they work. Numbers fascinate me. This is just who I am.,analytical
217,I would say that i'm critical of my own work and constantly seek to refine it. i'm very disciplined.,perfectionist
218,I would say that i take initiative and am comfortable with authority. i focus on the big picture.,leader
219,I'm committed to doing things the right way. I take pride in producing flawless work. This is just who I am.,perfectionist
220,I naturally take charge in group situations. I'm confident in making decisions.,leader
221,I have high standards for myself and others. I pay attention to every detail.,perfectionist
222,I would say that i think in abstract concepts and metaphors. imagination drives my decisions.,creative
223,I'm assertive and direct in my communication. I enjoy organizing people toward goals.,leader
224,I love solving complex problems using logic and data. I analyze everything systematically. This is just who I am.,analytical
225,I'm always coming up with new ideas and innovative solutions. Routine feels limiting. It's something I've always known about myself.,creative
226,I'm drawn to beauty and aesthetics. I enjoy experimenting with different creative mediums.,creative
227,I would say that i'm always coming up with new ideas and innovative solutions. routine feels limiting.,creative
228,"Honestly, i plan everything carefully and don't like leaving things to chance. quality over speed.",perfectionist
229,I would say that i'm very talkative and enjoy sharing my experiences. being alone for too long drains me.,extrovert
230,I would say that i feel things deeply and am moved by kindness. i'm naturally nurturing and caring.,empathetic
231,I love solving complex problems using logic and data. I analyze everything systematically. This is just who I am.,analytical
232,I'm a good listener and people come to me for support. I prioritize harmony in relationships. It's something I've always known about myself.,empathetic
233,I'm sensitive to the needs of those around me. Helping others brings me joy. This is just who I am.,empathetic
234,"Honestly, i'm outgoing and enjoy being the center of attention. parties and events are my favorite.",extrovert
235,I would say that i enjoy breaking down complicated systems to understand how they work. numbers fascinate me.,analytical
236,I'm committed to doing things the right way. I take pride in producing flawless work.,perfectionist
237,I easily sense how others are feeling. I'm deeply affected by others' emotions.,empathetic
238,I'm critical of my own work and constantly seek to refine it. I'm very disciplined. This is just who I am.,perfectionist
239,I have high standards for myself and others. I pay attention to every detail.,perfectionist
240,I'm organized and methodical. Mistakes bother me and I always aim to improve. This is just who I am.,perfectionist
241,"Honestly, i have high standards for myself and others. i pay attention to every detail.",perfectionist
242,I enjoy breaking down complicated systems to understand how they work. Numbers fascinate me.,analytical
243,I have a small circle of close friends. Deep one-on-one conversations are more meaningful to me. This is just who I am.,introvert
244,"Honestly, i love outdoor activities and physical challenges. new experiences energize me.",adventurous
245,"Honestly, i thrive in social situations and love meeting new people. group activities energize me.",extrovert
246,I prefer quiet time alone to recharge. Large social gatherings can be overwhelming. This is just who I am.,introvert
247,I would say that i'm organized and methodical. mistakes bother me and i always aim to improve.,perfectionist
248,I would say that i love solving complex problems using logic and data. i analyze everything systematically.,analytical
249,I feel things deeply and am moved by kindness. I'm naturally nurturing and caring.,empathetic
250,I'm decisive and action-oriented. I enjoy mentoring and building teams. It's something I've always known about myself.,leader
251,"Honestly, i make decisions based on facts and evidence. i'm detail-oriented and thorough.",analytical
252,I'm a good listener and people come to me for support. I prioritize harmony in relationships.,empathetic
253,"Honestly, i think in abstract concepts and metaphors. imagination drives my decisions.",creative
254,I naturally take charge in group situations. I'm confident in making decisions. This is just who I am.,leader
255,"Honestly, i'm outgoing and enjoy being the center of attention. parties and events are my favorite.",extrovert
256,"Honestly, i have high standards for myself and others. i pay attention to every detail.",perfectionist
257,I need solitude to process my thoughts and feelings. I'm selective about social activities.,introvert
258,I need solitude to process my thoughts and feelings. I'm selective about social activities.,introvert
259,"Honestly, i'm sensitive to the needs of those around me. helping others brings me joy.",empathetic
260,"Honestly, i express myself through art and creativity. i see the world from unique perspectives.",creative
261,"Honestly, i'm always coming up with new ideas and innovative solutions. routine feels limiting.",creative
262,I'm outgoing and enjoy being the center of attention. Parties and events are my favorite. This is just who I am.,extrovert
263,I thrive in social situations and love meeting new people. Group activities energize me. It's something I've always known about myself.,extrovert
264,"Honestly, i'm very talkative and enjoy sharing my experiences. being alone for too long drains me.",extrovert
265,I love brainstorming and exploring unconventional approaches. Creativity is my passion. This is just who I am.,creative
266,I enjoy breaking down complicated systems to understand how they work. Numbers fascinate me. It's something I've always known about myself.,analytical
267,I love trying new things and stepping out of my comfort zone. I crave excitement. This is just who I am.,adventurous
268,I'm motivated by achievement and inspiring others. I thrive on challenges and responsibility. It's something I've always known about myself.,leader
269,"Honestly, i feel things deeply and am moved by kindness. i'm naturally nurturing and caring.",empathetic
270,I enjoy peaceful activities like reading and reflection. Too much social interaction exhausts me. This is just who I am.,introvert
271,I have a small circle of close friends. Deep one-on-one conversations are more meaningful to me. This is just who I am.,introvert
272,I'm sensitive to the needs of those around me. Helping others brings me joy. It's something I've always known about myself.,empathetic
273,I naturally take charge in group situations. I'm confident in making decisions. This is just who I am.,leader
274,"Honestly, i'm spontaneous and enjoy taking risks. travel and exploration are essential to me.",adventurous
275,I express myself through art and creativity. I see the world from unique perspectives.,creative
276,"Honestly, i'm very talkative and enjoy sharing my experiences. being alone for too long drains me.",extrovert
277,I'm open to change and adapt easily. I live for adventure and making memories. This is just who I am.,adventurous
278,I'm a good listener and people come to me for support. I prioritize harmony in relationships. This is just who I am.,empathetic
279,I'm motivated by achievement and inspiring others. I thrive on challenges and responsibility. It's something I've always known about myself.,leader
280,I would say that i'm always seeking the next thrill or challenge. i prefer action over planning.,adventurous
281,I get my energy from interacting with others. I love networking and making connections. It's something I've always known about myself.,extrovert
282,I naturally take charge in group situations. I'm confident in making decisions.,leader
283,I'm committed to doing things the right way. I take pride in producing flawless work. It's something I've always known about myself.,perfectionist
284,I would say that i approach situations methodically and look for patterns. i'm good at critical thinking.,analytical
285,I'm sensitive to the needs of those around me. Helping others brings me joy.,empathetic
286,I would say that i love trying new things and stepping out of my comfort zone. i crave excitement.,adventurous
287,I feel things deeply and am moved by kindness. I'm naturally nurturing and caring.,empathetic
288,"Honestly, i think in abstract concepts and metaphors. imagination drives my decisions.",creative
289,I prefer quiet time alone to recharge. Large social gatherings can be overwhelming. This is just who I am.,introvert
290,I feel things deeply and am moved by kindness. I'm naturally nurturing and caring. This is just who I am.,empathetic
291,I have a small circle of close friends. Deep one-on-one conversations are more meaningful to me. This is just who I am.,introvert
292,I would say that i prefer working in teams and collaborating with others. social interaction is essential to me.,extrovert
293,I thrive in social situations and love meeting new people. Group activities energize me. This is just who I am.,extrovert
294,I naturally take charge in group situations. I'm confident in making decisions. It's something I've always known about myself.,leader
295,I would say that i'm a good listener and people come to me for support. i prioritize harmony in relationships.,empathetic
296,"Honestly, i'm committed to doing things the right way. i take pride in producing flawless work.",perfectionist
297,I'm outgoing and enjoy being the center of attention. Parties and events are my favorite. This is just who I am.,extrovert
298,I'm open to change and adapt easily. I live for adventure and making memories. This is just who I am.,adventurous
299,I would say that i'm a good listener and people come to me for support. i prioritize harmony in relationships.,empathetic
300,I'm motivated by achievement and inspiring others. I thrive on challenges and responsibility. This is just who I am.,leader
301,"Honestly, i'm motivated by achievement and inspiring others. i thrive on challenges and responsibility.",leader
302,I would say that i express myself through art and creativity. i see the world from unique perspectives.,creative
303,I would say that i'm committed to doing things the right way. i take pride in producing flawless work.,perfectionist
304,I make decisions based on facts and evidence. I'm detail-oriented and thorough. This is just who I am.,analytical
305,I need solitude to process my thoughts and feelings. I'm selective about social activities.,introvert
306,I prefer structured environments where I can apply logical reasoning. I question everything. It's something I've always known about myself.,analytical
307,I love solving complex problems using logic and data. I analyze everything systematically. This is just who I am.,analytical
308,I get my energy from interacting with others. I love networking and making connections.,extrovert
309,I would say that i need solitude to process my thoughts and feelings. i'm selective about social activities.,introvert
310,I'm open to change and adapt easily. I live for adventure and making memories. This is just who I am.,adventurous
311,I'm very talkative and enjoy sharing my experiences. Being alone for too long drains me. This is just who I am.,extrovert
312,I would say that i'm always coming up with new ideas and innovative solutions. routine feels limiting.,creative
313,I thrive in social situations and love meeting new people. Group activities energize me. This is just who I am.,extrovert
314,I plan everything carefully and don't like leaving things to chance. Quality over speed.,perfectionist
315,I love trying new things and stepping out of my comfort zone. I crave excitement. It's something I've always known about myself.,adventurous
316,"Honestly, i'm a good listener and people come to me for support. i prioritize harmony in relationships.",empathetic
317,I'm assertive and direct in my communication. I enjoy organizing people toward goals. It's something I've always known about myself.,leader
318,I would say that i'm open to change and adapt easily. i live for adventure and making memories.,adventurous
319,"Honestly, i can put myself in others' shoes and understand their perspectives. i'm very compassionate.",empathetic
320,I'm sensitive to the needs of those around me. Helping others brings me joy. This is just who I am.,empathetic
321,I would say that i feel things deeply and am moved by kindness. i'm naturally nurturing and caring.,empathetic
322,"Honestly, i'm motivated by achievement and inspiring others. i thrive on challenges and responsibility.",leader
323,"Honestly, i have high standards for myself and others. i pay attention to every detail.",perfectionist
324,I'm decisive and action-oriented. I enjoy mentoring and building teams.,leader
325,I'm committed to doing things the right way. I take pride in producing flawless work.,perfectionist
326,I would say that i have high standards for myself and others. i pay attention to every detail.,perfectionist
327,I'm always seeking the next thrill or challenge. I prefer action over planning. This is just who I am.,adventurous
328,I would say that i'm assertive and direct in my communication. i enjoy organizing people toward goals.,leader
329,I easily sense how others are feeling. I'm deeply affected by others' emotions. It's something I've always known about myself.,empathetic
330,I think in abstract concepts and metaphors. Imagination drives my decisions.,creative
331,I get my energy from interacting with others. I love networking and making connections. This is just who I am.,extrovert
332,I feel things deeply and am moved by kindness. I'm naturally nurturing and caring. This is just who I am.,empathetic
333,I express myself through art and creativity. I see the world from unique perspectives. This is just who I am.,creative
334,I'm open to change and adapt easily. I live for adventure and making memories. This is just who I am.,adventurous
335,I would say that i naturally take charge in group situations. i'm confident in making decisions.,leader
336,I approach situations methodically and look for patterns. I'm good at critical thinking. This is just who I am.,analytical
337,I would say that i need solitude to process my thoughts and feelings. i'm selective about social activities.,introvert
338,I get my energy from interacting with others. I love networking and making connections.,extrovert
339,I'm outgoing and enjoy being the center of attention. Parties and events are my favorite.,extrovert
340,I would say that i enjoy peaceful activities like reading and reflection. too much social interaction exhausts me.,introvert
341,"Honestly, i easily sense how others are feeling. i'm deeply affected by others' emotions.",empathetic
342,I get my energy from interacting with others. I love networking and making connections. It's something I've always known about myself.,extrovert
343,I'm decisive and action-oriented. I enjoy mentoring and building teams. It's something I've always known about myself.,leader
344,"Honestly, i need solitude to process my thoughts and feelings. i'm selective about social activities.",introvert
345,I'm spontaneous and enjoy taking risks. Travel and exploration are essential to me. This is just who I am.,adventurous
346,"Honestly, i prefer quiet time alone to recharge. large social gatherings can be overwhelming.",introvert
347,I love outdoor activities and physical challenges. New experiences energize me. This is just who I am.,adventurous
348,I'm assertive and direct in my communication. I enjoy organizing people toward goals.,leader
349,I easily sense how others are feeling. I'm deeply affected by others' emotions. This is just who I am.,empathetic
350,I thrive in social situations and love meeting new people. Group activities energize me. This is just who I am.,extrovert
351,I'm always seeking the next thrill or challenge. I prefer action over planning.,adventurous
352,I have a small circle of close friends. Deep one-on-one conversations are more meaningful to me. This is just who I am.,introvert
353,I'm decisive and action-oriented. I enjoy mentoring and building teams. It's something I've always known about myself.,leader
354,I would say that i'm drawn to beauty and aesthetics. i enjoy experimenting with different creative mediums.,creative
355,I'm spontaneous and enjoy taking risks. Travel and exploration are essential to me. It's something I've always known about myself.,adventurous
356,I have high standards for myself and others. I pay attention to every detail. It's something I've always known about myself.,perfectionist
357,I enjoy breaking down complicated systems to understand how they work. Numbers fascinate me. It's something I've always known about myself.,analytical
358,I would say that i love trying new things and stepping out of my comfort zone. i crave excitement.,adventurous
359,I'm critical of my own work and constantly seek to refine it. I'm very disciplined. It's something I've always known about myself.,perfectionist
360,I love trying new things and stepping out of my comfort zone. I crave excitement.,adventurous
361,I would say that i'm a good listener and people come to me for support. i prioritize harmony in relationships.,empathetic
362,I enjoy peaceful activities like reading and reflection. Too much social interaction exhausts me. This is just who I am.,introvert
363,I think before I speak and prefer writing to express myself. I'm comfortable with silence. It's something I've always known about myself.,introvert
364,I'm drawn to beauty and aesthetics. I enjoy experimenting with different creative mediums. It's something I've always known about myself.,creative
365,I would say that i'm drawn to beauty and aesthetics. i enjoy experimenting with different creative mediums.,creative
366,I would say that i have high standards for myself and others. i pay attention to every detail.,perfectionist
367,I would say that i express myself through art and creativity. i see the world from unique perspectives.,creative
368,I'm always coming up with new ideas and innovative solutions. Routine feels limiting. It's something I've always known about myself.,creative
369,I prefer quiet time alone to recharge. Large social gatherings can be overwhelming. It's something I've always known about myself.,introvert
370,I would say that i'm very talkative and enjoy sharing my experiences. being alone for too long drains me.,extrovert
371,I'm spontaneous and enjoy taking risks. Travel and exploration are essential to me.,adventurous
372,I would say that i easily sense how others are feeling. i'm deeply affected by others' emotions.,empathetic
373,"Honestly, i'm assertive and direct in my communication. i enjoy organizing people toward goals.",leader
374,I would say that i thrive in social situations and love meeting new people. group activities energize me.,extrovert
375,"Honestly, i'm always seeking the next thrill or challenge. i prefer action over planning.",adventurous
376,I'm drawn to beauty and aesthetics. I enjoy experimenting with different creative mediums. This is just who I am.,creative
377,I'm motivated by achievement and inspiring others. I thrive on challenges and responsibility. It's something I've always known about myself.,leader
378,I'm drawn to beauty and aesthetics. I enjoy experimenting with different creative mediums. It's something I've always known about myself.,creative
379,I'm decisive and action-oriented. I enjoy mentoring and building teams. It's something I've always known about myself.,leader
380,I'm always seeking the next thrill or challenge. I prefer action over planning. This is just who I am.,adventurous
381,I naturally take charge in group situations. I'm confident in making decisions. It's something I've always known about myself.,leader
382,"Honestly, i love outdoor activities and physical challenges. new experiences energize me.",adventurous
383,I make decisions based on facts and evidence. I'm detail-oriented and thorough.,analytical
384,I approach situations methodically and look for patterns. I'm good at critical thinking. It's something I've always known about myself.,analytical
385,I think in abstract concepts and metaphors. Imagination drives my decisions. This is just who I am.,creative
386,"Honestly, i plan everything carefully and don't like leaving things to chance. quality over speed.",perfectionist
387,I prefer quiet time alone to recharge. Large social gatherings can be overwhelming. This is just who I am.,introvert
388,I plan everything carefully and don't like leaving things to chance. Quality over speed. This is just who I am.,perfectionist
389,I enjoy peaceful activities like reading and reflection. Too much social interaction exhausts me.,introvert
390,I would say that i love trying new things and stepping out of my comfort zone. i crave excitement.,adventurous
391,I can put myself in others' shoes and understand their perspectives. I'm very compassionate. It's something I've always known about myself.,empathetic
392,I prefer structured environments where I can apply logical reasoning. I question everything. It's something I've always known about myself.,analytical
393,I plan everything carefully and don't like leaving things to chance. Quality over speed. This is just who I am.,perfectionist
394,I would say that i thrive in social situations and love meeting new people. group activities energize me.,extrovert
395,I love brainstorming and exploring unconventional approaches. Creativity is my passion. This is just who I am.,creative
396,I prefer quiet time alone to recharge. Large social gatherings can be overwhelming. It's something I've always known about myself.,introvert
397,I love solving complex problems using logic and data. I analyze everything systematically.,analytical
398,I'm motivated by achievement and inspiring others. I thrive on challenges and responsibility. It's something I've always known about myself.,leader
399,I'm always seeking the next thrill or challenge. I prefer action over planning. This is just who I am.,adventurous
400,I enjoy breaking down complicated systems to understand how they work. Numbers fascinate me.,analytical
