text,personality
Sex can be boring if it's in the same position often. For example me and my girlfriend are currently in an environment where we have to creatively use cowgirl and missionary. There isn't enough...,ENTP
"'Dear INTP, I enjoyed our conversation the other day. Esoteric gabbing about the nature of the universe and the idea that every rule and social code being arbitrary constructs created...",INTJ
That's another silly misconception. That approaching is logically is going to be the key to unlocking whatever it is you think you are entitled to. Nobody wants to be approached with BS...,ENTJ
"Science is not perfect. No scientist claims that it is, or that scientific information will not be revised as we discover new things. Rational thinking has been very useful to our society....",INTJ
"'No, I can't draw on my own nails (haha). Those were done by professionals on my nails. And yes, those are all gel. You mean those you posted were done by yourself on your own nails? Awesome!",INFJ
"Probably the Electronic Screen Syndrome. With the advent of technology and social , we all suffer from overstimulation on a daily basis. I'm guilty as well. In the past, I can be happy just...",INFJ
'I tend to build up a collection of things on my desktop that i use frequently and then move them into a folder called 'Everything' from there it get sorted into type and sub type,INTJ
"i ike to collect odd objects, even at work...a lot of people would call it junk but i like to collect it. Old unused software? ill take that off your hands :) i have a bunch of old adobe...",INTJ
"I'm not sure, that's a good question. The distinction between the two is so dependant on perception. To quote Robb Flynn, ''The hate you feel is nothing more, than love you feel to win this war.''",INFJ
Good question! It's tough to say for sure but I loved Winona Ryder as Lydia in Beetlejuice...,INFJ
"I'm in this position where I have to actually let go of the person, due to a various reasons. Unfortunately I'm having trouble mustering enough strength to actually pull through it. Sometimes,...",INTP
'One time my parents were fighting over my dad's affair and my dad pushed my mom. The fall broke her finger. She's pointed a gun at him and made him get on his knees and beg for his life. She's...,INFJ
"I'm gonna talk about what a piece of shit my dad is now. He's an alcoholic and he has some kind of serious mental problem when it comes to complying with the IRS. (In his words, Laws don't apply...",INFJ
"'Fair enough, if that's how you want to look at it. Like I stated before, they were incredibly naive in their comments... However, they think those are things that would help us because those are the...",INTJ
"For myself, MBTI serves as a source of self reflection and an opportunity to better myself. Therefore, when an opportunity to gain insight on what are things that I may be able to improve upon, I...",INTJ
"Thanks for the information. Doesn't interfere with anything I've ever experienced (with INFJs). Plus, your signature is the lyrics from one of my favorite bands (Tool). That song (Reflection) was...",INTP
'some of these both excite and calm me: BUTTS bodies brains community gardens camping camping with dogs hiking with dogs chillin with animals,INFJ
I would hope that no one engages the INTP's baiting and Christianity 101 b.s. ...... That will go nowhere.,INFJ
"'I think we do agree. I personally don't consider myself Alpha, Beta, or Foxtrot (lol at my own joke). People are people. We both agree that having emotions isn't the same as being weak, whiny,...",INFP
"Literature... I'd suggest 'Everyday Zen' by Charlotte Joko Beck. It's a solid introduction into mindfulness meditation, what it means to sit, etc. Ch'an Buddhism isn't exactly the same as Zen but...",INFP
"'I fully believe in the power of being a protector, to give a voice to the voiceless. So in that spirit I present this film, and hope it it recieved in the spirit of compassion. Om Mani Padme Hum ...",INFJ
"Yes, you are quite right. But many times this help has to come from outside the relationship. A partner can be supportive, and helpful but I think getting the right help is critical. Finding a good...",INFJ
"'That's normal, it happens also to me. If I am in high mood, I can act like a 478. Depressed, like a 468. Satisfied and relaxed, 451. But the real type of mine is 458.",INFP
How do they say? (...) in sheep's clothing. That is the key. Nobody will obey to you till you don't give them the chance to obey you without consciously knowing they are obeying you. Be...,INFP
"'Steve Job's was recognized for his striving for efficiency and practicality. His genius is in his systemization of inventions, less so than in invention. This is where claims of Se and Te come from.",INTP
"'It is very annoying to be misinterpreted. Especially with regards to your core, to your intentions and desires. Like when people keep saying that you're in love with somebody for whom you only had...",INFJ
"x93Noble naturesx85 are few and far in betweenx94.Nietzsche, Ecce Homo x93A man who leaves the house in bright, festive clothes needs only one drop of mud splashed from under a wheel, and people all...",INFJ
"'Now I'm interested. But too lazy to go research it, because it's time-consuming :(",ENTJ
"'Still going strong at just over the two year mark. I have made noticeable changes and do not plan on slowing. I have attached my 2 year progress picture, but with my face cropped out, you know to...",ENTJ
"I was having some issues a while back finding a job. Couldn't get a job in the arts and crafts store, which was my ideal. I did get a job interview before, but was not given a call back. I always...",INFP
"'He doesn't want to go on the trip without me, so me staying behind wouldn't be an option for him. I think he really does believe that I'm the one being unreasonable. He still continues to say that...",ENFP
I'm still completely in AWE and I'm AMAZED that he doesn't think twice about leaving one of them and how that will make them feel. He said he wants to tell them that I'm not willing to work extra for...,ENFP
"'Basically, my main questions are : What do you believe in ? What are the values that matter the most to you ?* (Sorry if I tend to be confusing)",INFP
"Hey, This is my second thread today, but I feel like this is important. Well... Every time we try something new, we are scared, which is normal right ? However, we individually react differently...",INFP
"'I think that that can absolutely be true of infjs, and we shamefully have much potential in that department. Not gonna lie, I am guilty of some unwarranted door slams, and maybe it may seem cruel at...",INFJ
"A lot of people here seem to say for themselves that if they door slam someone, there is always a justifiable reason. However, to be honest, for myself I would have to say that that is not always...",INFJ
"'...Is it possible to stop caring about someone entirely? Well I believe it's possible to stop caring about someone entirely. If they never cross your mind anymore, then you'd never bother to...",INFP
"I don't think I fall in love easily. However, I do get infatuated with people easily and fast :crazy: because I start to fantasize a lot after getting to know someone I'm interested in only after a...",INFP
"Love is when other people think that your man is a garbage, idiot, and dumb, ugly, bad, mean in your eyes he is still your trophy",INFJ
'I'm seriously considering marriage to my longtime ENFP girlfriend. But do you think she'll be able to give me a little more space when we are settled down in marriage? My two biggest problems with...,INTP
'Sometimes I wonder that too.. the reason being that INFJ's seem so absractly deep that even being one myself I don't understand them all the time ;D,INFJ
"They no longer become outlandish once they start becoming reality! I think you also have to always remember why you started to make music in the first place, the way it feels or how you make others...",ENFJ
how open you are about your feelings: Very open and honest perhaps a little to open. I try to not share the negative ones but over time they tend to come out to. avoid comfrontation with your...,INFJ
"'Poker face for sure, accompanied by some sarcasm probably! But inside I'm running a pretty vivid list of pros and cons starting with asking myself 'do I like them back'? I probably know the answer...",INTJ
"1. Babies are illogical. 2. Nobody is despised who can manage a crocodile. 3. Illogical persons are despised. Therefore, babies cannot manage crocodiles. 1. No interesting poems are unpopular...",INTJ
This is a really boring one but I think Target should buy out Costco so they can have there own Sam's Club to compete with Walmart.,INFP
"'Hey ENFPs. I've posted this thread on the philosophy board too, but I am really curious to reading responses from ENFPs in particular. I've realized that I am quite prone to the following: ...",ENFP
"I don't believe in any religion. I think religions are a form of control to unify a population under a common spirituality, and give room for love, compassion, and communal growth (although,...",ENFP
'Hello! I am working on a presentation by type. Part of each presentation is feedback from a range of people of the type being reviewed. I would greatly appreciate it if you could take a few...,ENTJ
"Mmmm...hmmmm. Well, irritants: People who bitch about everything. Suck it up folks, live and learn or get out of the way. When I can hear someone chew thier food. That I am never sure if...",ENTJ
"'I got 593. From what I've read about the Enneagram I'm a 953, though. I read somewhere that a lot of 9's mistype themselves as 5's.",ISTP
"'Trying not to feel totally worthless... Why do I have to be so sensitive ugh stupid brain. ...Maybe you never actually gave a fuck. You don't know the damage you've done...that I've done,...",INFJ
"I hate when I buy a new type of toothpaste, and it ends up being that weird, sparkly blue shit...",INFJ
"Painting the world with the colors of my soul. Interpret it as you like - helping others by volunteering, teaching, giving everything you have. Personal growth - learning as much about the universe...",INTP
"6 months ago I met this ENTP guy at my university. We are in the same group, so we basically have to be together everyday, and most likely have to study together for the next 6 years. So cutting off...",INTP
"'I'm Type 9 and people in my family (who aren't gut-types) sometimes complain that I 'don't think'. I do feel like I don't really 'think' about certain actions-- I just do them, almost automatically....",INFP
I relate to Anne of Green Gables and Anakin Skywalker. And probably more characters that I can't think of right now. :),INFP
"Vaguely remember dreaming about this 18y/o kid I met recently wearing a Princess Peach costume (pink dress, blonde wig, etc) but he couldn't zip the back of the dress up because his shoulders were...",INTJ
"'Eh... hate the music, the consumerism, a lot of it. The dinners are usually stilted and uncomfortable, the gift-giving disappointing, overall, not my thing. My friends and I usually go out and do...",INTP
"Motion sickness tablets. Knocks you right out, and then you don't have to worry about doing stuff. If for some reason this option is not appealing, or not available, there are certainly other...",INTP
"'No. If you neglect them, your finances will always be burning on the back of every decision you make, will start to influence your friendships and warp your perceptions of other people and their...",ENTJ
"Comment: I gotta say Mr penguin, I don't really identify with anything you say or how you express it at all. Specifically: - Fixation on how you're perceived vs How You Really Are This is...",ENTJ
Bruce Wayne: INFJ Batman persona: ESFP (moral edition) Alfred: ISFJ Rachel: ESFJ Commissioner Gordon: INTP Ra's Al Ghul: ESTJ (messed-up edition) The Joker: ENTP (messed-up edition) Harvey...,INFP
"'I love feeling affectionate for the one I love and care for. I care about her very deeply. I want to protect her, make her happy, and always be by her side. I feel that romantic love is probably...",ISFJ
"Kind of an update on my past post above. Whatever you'd call a friendship that you are also very close and affectionate with someone, is what I'm in now. We're not boyfriend/ girlfriend, since of the...",ISFJ
Native English speaker. I can get by with Maori and New Zealand Sign Language as those are official languages here. The only other language I speak is Japanese. I am rusty with that as I hardly...,INTJ
"'Would be interested in a detailed answer to this question also. Would love to answer properly but I agree and i my view is yes, because I procrastinate every day in many areas of my life....",INTP
I believe we are superb at being perfectionists and it causes many problems in life for me. Sent from my Samsung Galaxy Note 2,INTP
"'Okay, I meant to create this thread here but I accidentally created it somewhere else, so I'll just copy and paste it here. Hello everyone, it's been a long time since I've visited this forum. I...",INFP
"Hello everyone, it's been a long time since I've visited this forum. I have something on my mind, and I'd like to hear (read?) your thoughts on the matter. Well, let's start from the beginning....",INFP
"'I'm currently rooting around in the forum, looking for a place to rant. I think this thread is as good as any! I have a friend who asks me to go with her to a bunch of events and stuff that I do...",ISFJ
"I got Reformer (VDI-S). Nature: 53% Visionary Tactics: 77% Diligent Energy: 68% Introverted Identity: Supporting Interesting -- thanks for bringing it to our attention, Steadfast04 !",ISFJ
'once you realize you are an INTP. you either will become more INTPish. or instead try to evolve and be more open to emotions (without logical explanations).,INTP
"'I love reading, and I wish I wasn't allergic to dust, so I could read all those beautiful, old, dusty books. I love seeing people smile.",INFP
"It's hard to pinpoint one, but they typically have to do with being outdoors and being overwhelmed by the beauty of nature. Climbing mountains, swimming in the ocean, hiking in the woods. Those are...",INFP
'That sounds like a beautiful relationship already. But don't push too fast as it seems she needs to be appreciated as a friend. But at the end of the day you can only feel what happens when the...,ENFJ
"'I have many social screw ups. None of them funny though, mostly mentally traumatizing.",INTP
"Our talents are probably used more in the real world, and not these forums of trolling fun. Put all these minds together in a semi-anonymous online place and it quickly turns into trolling and...",INTP
"I don't relate to any fictional characters, but years back a relative watched the first season of Dexter and said he reminded them of me.",INTJ
"I recently updated my ipod and lost all my playlists. When I told my INTP boyfriend about it he said that playlist order doesn't matter. I mean, really.",INFJ
"'You're taking life too seriously, bro. Chill. Also, just be comfortable with yourself and don't hate on others... Hate is not healthy for you. Even more so when you think too much about it.",INTP
"Hi I was reading, and this idea that the author mentioned about questioning your belief came up, claiming that some beliefs might be wrong and questioning them would help correct them... I...",INTP
Well I have not attended graduate school yet but I am in the same boat as you. I plan on applying for graduate school in counseling this fall and I have been attempting to do some research....,INFP
I was 19 when I had my first kiss. It was just a short peck and I was terrified. I knew he had wanted to kiss me all night but I was avoiding it. It wasn't a bad kiss but I didn't have fireworks and...,INFP
"'That's an opinion, not a fact. That being said, I believe in the inherent right of everyone to be as big of an asshole as they want as long as they don't infringe on the rights of others to do the...",INFP
"Given how much I relate to everything you said in your post, you sound like a strong candidate for INFP to me :cool: Welcome to PerC!!! Do you... talk/laugh at your talking/sing loudly when you...",INFP
'I believed in God all my life up until about a year ago. My mother was a very strong believer in God and encouraged me and my brothers to be the same way. She didn't force it down our throats or...,ENTP
"'No offense to any ESTJs that may read this, but the few that I've talked to are obnoxious, loud, lie about shit to try to look cool, and usually talk out of their asses about things they can't back...",INTP
Surprisingly not too many as of late. I suppose that getting on my strike-out list would require being somewhat close to me to begin with though. People brave enough to endure that whole process...,INTP
"'True, sadly not many have felt like participating in it:unsure:, it could be so helpful if more ISFP's felt like sharing their point of view :wink:",ISFP
'I've always thought of Tony Stark as more of an ENTJ... (and it sort of matters to me his type because I've been wondering the type of one of my teachers as a reference point and he's very much like...,ENFJ
"As for the Arya debate (if I may put my useless input in there)... I really don't know, honestly. Her rejection of what's proper and right in her society does seem very almost like Fi... and the way...",ENFJ
'I would strongly recommend not taking shortcuts. I feel like whenever you're looking for something too specific you end up missing out on interesting opportunities. That ESTP who's the life of the...,INFJ
"Look out.. reisiger is giving hot takes! Haha I kinda get what you mean with pop music, but I like it when it's earnest. It doesn't have to be a grand idea as long as it's communicated well. Also,...",INFJ
This just made me realize how to not fail at life and amount to nothing. No joke. Now I will go Close. :),ENFJ
"'than you may be an ambivert, somewhere in the middle. I read in a book called the Introvert Advantage by Martin Olsen Laney that people who can gain energy by doing both could be an ambivert. You may...",INFJ
Excitement Looks like a colourful parade on the street with people buzzing everywhere Feels like your heart is going to burst with so much joy Smells like the cookies in the oven are almost...,INFJ
Hugs from my daughter: can't get enough Hugs from my wife: loving and welcome if not in public (too suffocating; need to take in my surroundings) Hugs from random friends of friends: step back...,ISTP
'Yeah i'm an a-hole too depending on who you are and what you consider one to be. Nothing wrong with that... just be you. who cares what your supposed to be... who knows maybe your brother is the...,INFJ
"Sure, don't we all have layers? i don't think I have ever met a one layered person... I have been known to focus conversations and interactions on the other person involved, even if that means...",INFJ
"'Friend: So, you haven't been to the new office yet! Me: No. I was planning to go to the grand opening but . . . something happened. Friend: You really need to work on your social excuses. ...",INTJ
"Sense of humor is important. Laughing with my partner is right up there with sexual pleasure among my fondest moments. And not just her laughing at what I say, but joining in the back and forth. I...",INTJ
"'I suck at keeping in touch with people. No matter how hard I try, or how much I like someone, I only have the social energy to even attempt to stay in touch with about two or three people at a time...",INTJ
"It often comes down to use a smilie/lol and move on, or spend the next few minutes explaining that you were joking when you made fun of their mother. Efficiency demands expressiveness. I do admit,...",INTJ
"'I've heard all my life that you either get Algebra or Geometry. I can't say why that is. Apologies, I was good with Calculus. It was Trig and Geometry, gaaaah! Beat them with sticks!",INFP
"I don't, but I've known people who have. I've always just kind of assumed that they expect to be in there for a little while? Maybe the pipes are clogged? Now, I will grab a book and hop in the tub,...",INFP
I prefer working alone on complex strategic problems that require deep analysis and long-term planning,INTJ
Logic and efficiency matter more than social conventions in my decision making process,INTJ
I plan everything meticulously weeks in advance and hate improvising or winging situations,INTJ
Intellectual debates about theories and concepts fascinate me far more than casual small talk,INTJ
I value competence and expertise above all else in myself and my colleagues,INTJ
Strategic long-term planning comes naturally to me in all situations I encounter,INTJ
I analyze systems constantly to find optimal solutions and significant improvements,INTJ
Independent work allows me to achieve my best results without interference from others,INTJ
I trust data and logic more than intuition or emotions when making important decisions,INTJ
Inefficiency and incompetence frustrate me more than anything else in professional life,INTJ
I organize my thoughts into detailed frameworks and mental models constantly throughout day,INTJ
Abstract theoretical discussions energize me more than practical small details about implementation,INTJ
I question conventional wisdom and established methods to find better more efficient approaches,INTJ
My ideal day involves solving complex intellectual problems with minimal social interaction required,INTJ
I prefer direct honest communication over sugar-coating messages or emotional appeals,INTJ
Long-term consequences guide my choices more than immediate gratification or short term gains,INTJ
I spend hours researching topics that interest me until I completely master them,INTJ
Logical consistency in arguments matters more to me than maintaining social harmony,INTJ
I create detailed plans with contingencies for multiple possible future outcomes,INTJ
My strength lies in seeing patterns others miss and planning accordingly for success,INTJ
Understanding complex theoretical systems fascinates my mind completely every single day,INTP
I analyze ideas from every possible angle before accepting them as truth,INTP
Abstract theories interest me more than practical everyday tasks and implementations,INTP
Logical consistency matters most in all arguments and discussions I participate in,INTP
I question assumptions that others simply take for granted without thinking,INTP
Intellectual curiosity drives most of my learning and exploration throughout life,INTP
I enjoy solving puzzles and figuring out exactly how things work mechanically,INTP
Debating philosophical concepts energizes my thinking more than anything else,INTP
I prefer theoretical understanding over practical application in most situations,INTP
My mind constantly generates new ideas and connects seemingly unrelated concepts,INTP
I can spend hours exploring rabbit holes of interesting topics online,INTP
Precision in language and definitions matters greatly to me in all communication,INTP
I love analyzing systems to understand their underlying logical structure,INTP
My curiosity leads me to learn about wide variety of subjects deeply,INTP
I question everything including my own beliefs and thought processes regularly,INTP
Abstract mathematical and logical problems fascinate me more than real world issues,INTP
I enjoy finding flaws in arguments and strengthening logical reasoning,INTP
My thinking process involves constant internal debate and analysis of ideas,INTP
I prefer understanding why something works over just knowing that it works,INTP
Intellectual independence and original thinking matter more than social conformity,INTP
I naturally take charge and lead groups toward goals efficiently and effectively,ENTJ
Building effective systems and structures satisfies me deeply on personal level,ENTJ
Long-term strategic planning is one of my greatest natural strengths in life,ENTJ
I make quick decisive choices based on logical analysis of available information,ENTJ
Achieving ambitious goals motivates me to work harder constantly without stopping,ENTJ
Organizing people and resources comes naturally to my personality and skillset,ENTJ
I communicate directly and expect others to do same without sugarcoating,ENTJ
Inefficiency and lack of direction frustrate me more than almost anything,ENTJ
I see opportunities for improvement everywhere and implement changes immediately,ENTJ
Leadership roles feel natural and comfortable to me in all situations,ENTJ
I set high standards for myself and everyone around me daily,ENTJ
My confidence in decisions comes from thorough logical analysis beforehand,ENTJ
I enjoy organizing people toward common objectives and measuring progress,ENTJ
Strategic thinking allows me to anticipate obstacles and plan around them,ENTJ
I value competence and results over feelings and social niceties consistently,ENTJ
My natural assertiveness helps me take control of chaotic situations quickly,ENTJ
I thrive on challenges that require coordination and resource management,ENTJ
Long-term vision guides my decisions more than short-term comfort,ENTJ
I excel at seeing big picture and breaking it into actionable steps,ENTJ
My strength lies in turning ideas into concrete plans and executing them,ENTJ
Debating ideas and challenging assumptions thrills me intellectually every single day,ENTP
I see patterns connections and possibilities that others often miss completely,ENTP
Innovation and experimenting with new concepts excites me more than anything,ENTP
Conventional thinking bores me so I constantly seek originality in all things,ENTP
Playing devil's advocate helps clarify truth and exposes weak arguments effectively,ENTP
I love brainstorming creative solutions to complex problems with others,ENTP
Quick wit and clever arguments are my favorite tools in discussions,ENTP
Exploring multiple perspectives enriches my understanding of every situation,ENTP
I enjoy intellectual sparring and pushing boundaries of conventional wisdom,ENTP
My mind constantly generates new ideas and unconventional approaches,ENTP
I question everything including widely accepted truths and common practices,ENTP
Rigid rules and procedures feel constraining to my creative thinking process,ENTP
I thrive on intellectual challenges that require innovative thinking,ENTP
My curiosity leads me to explore many different fields and subjects,ENTP
I enjoy finding loopholes and alternative interpretations in systems,ENTP
Entrepreneurial thinking comes naturally when I see opportunities,ENTP
I love connecting unrelated concepts to create novel solutions,ENTP
My communication style is direct and sometimes provocatively challenging,ENTP
I excel at seeing possibilities and potential in unexpected places,ENTP
Intellectual freedom matters more to me than security or stability,ENTP
I understand people's emotions and hidden motivations very deeply intuitively,INFJ
Helping others discover their true path fulfills me completely on soul level,INFJ
I have vivid intuitions about future outcomes and consequences regularly,INFJ
Meaningful one-on-one conversations energize me more than large parties,INFJ
I need significant alone time to recharge after social interactions thoroughly,INFJ
Creating positive change in others lives drives my sense of purpose,INFJ
Deep authentic connections matter far more than superficial social relationships,INFJ
I sense unspoken emotions and tensions in groups easily and naturally,INFJ
My empathy allows me to feel others pain and joy deeply,INFJ
I see potential in people that they often cannot see themselves,INFJ
Complex human dynamics fascinate me more than simple social interactions,INFJ
I often know what people will say before they speak words,INFJ
My intuition guides me toward understanding deeper meanings in situations,INFJ
I feel called to help others find meaning and purpose in life,INFJ
Authentic self-expression matters more to me than social acceptance,INFJ
I pick up on subtle emotional cues that others completely miss,INFJ
My idealism drives me to envision better future for humanity,INFJ
I need deep connections with few people rather than many acquaintances,INFJ
My insight into human nature helps me counsel and guide others,INFJ
I feel others emotions so strongly they sometimes overwhelm me,INFJ
My personal values and ideals guide every single decision I make daily,INFP
I dream constantly about ways to make world significantly better place,INFP
Creative artistic expression helps me process very deep emotional experiences,INFP
Authentic genuine connections mean everything to me in all relationships,INFP
I search for deeper meaning and purpose in all my life experiences,INFP
Helping others aligns perfectly with my core values and sense of purpose,INFP
I feel emotions very intensely and profoundly throughout each day,INFP
Staying true to myself matters far more than fitting in with crowds,INFP
I am drawn to causes that champion underdogs and promote social justice,INFP
My imagination runs wild with possibilities for creative projects and stories,INFP
I need regular alone time to recharge and process complex emotions,INFP
Shallow conversations drain me while deep discussions energize my spirit,INFP
I see beauty and potential in people others might overlook completely,INFP
My sensitivity to others emotions helps me be empathetic listener,INFP
I express myself best through creative writing art or music,INFP
Authenticity and sincerity matter more than popularity or social status,INFP
I daydream about ideal futures and perfect scenarios constantly,INFP
My values system guides me like internal moral compass every day,INFP
I struggle with practical details while excelling at big picture thinking,INFP
Creative expression allows me to share inner world with others,INFP
Meeting new people and hearing their stories excites me tremendously every day,ENFP
Creative brainstorming sessions energize me like nothing else in world,ENFP
I follow my heart and trust my strong intuitions in all decisions,ENFP
Exploring new possibilities and opportunities thrills me more than routine,ENFP
Authentic emotional connections fulfill me more than material achievements,ENFP
I see potential and opportunities in everything around me constantly,ENFP
Spontaneous adventures make life worth living for me every single day,ENFP
I bring enthusiasm and positivity to every situation I encounter,ENFP
My passion for ideas and people drives everything I do daily,ENFP
I love inspiring others to pursue their dreams and reach potential,ENFP
Conventional paths bore me so I create my own unique journey,ENFP
I connect with people quickly through genuine warmth and interest,ENFP
My energy and excitement are contagious to everyone around me,ENFP
I see life as adventure full of exciting possibilities waiting,ENFP
Deep conversations about values and dreams energize me completely,ENFP
I champion causes I believe in with passionate wholehearted enthusiasm,ENFP
My creativity flows constantly generating new ideas and projects,ENFP
I need variety and novelty to feel truly alive and engaged,ENFP
Authentic self-expression matters more than following social conventions,ENFP
I inspire others through my genuine enthusiasm for life and people,ENFP
I inspire and motivate people toward personal growth naturally every day,ENFJ
Understanding emotions helps me guide and support others effectively always,ENFJ
Creating harmony and unity in groups comes naturally to my personality,ENFJ
I see incredible potential in everyone I meet every single day,ENFJ
Leading with empathy creates lasting positive change in communities worldwide,ENFJ
Helping others succeed brings me tremendous joy and fulfillment daily,ENFJ
I communicate with warmth and genuine care for people around me,ENFJ
Building strong relationships is central to my happiness and purpose,ENFJ
I sense what people need emotionally before they express it verbally,ENFJ
My natural charisma helps me connect with diverse groups of people,ENFJ
I feel responsible for others wellbeing and happiness deeply,ENFJ
Organizing people toward common good comes naturally to my skills,ENFJ
I excel at seeing best in people and bringing it out,ENFJ
My empathy allows me to understand different perspectives easily,ENFJ
I create environments where people feel valued and understood,ENFJ
Mentoring and coaching others toward success fulfills me completely,ENFJ
I naturally take on role of peacemaker in conflicts,ENFJ
My warmth and encouragement inspire others to be their best,ENFJ
I prioritize others needs sometimes at expense of my own,ENFJ
Building meaningful connections gives my life deep sense of purpose,ENFJ
I rely on proven methods and detailed procedures consistently every day,ISTJ
Organization and structure help me work most efficiently and productively,ISTJ
I prefer concrete facts over abstract theoretical concepts always,ISTJ
Following established rules ensures everything runs smoothly without problems,ISTJ
Responsibility and duty guide all my important life decisions,ISTJ
I maintain detailed accurate records of all important matters carefully,ISTJ
Practical reliable solutions appeal to me most strongly in situations,ISTJ
Tradition and stability provide important foundations for society,ISTJ
I complete tasks thoroughly and accurately without cutting corners,ISTJ
My dependability makes me reliable team member people trust,ISTJ
I value concrete evidence over speculation and abstract theories,ISTJ
Planning and preparation prevent problems before they occur,ISTJ
I follow through on commitments no matter how difficult,ISTJ
My attention to detail ensures nothing important gets overlooked,ISTJ
I prefer tried and true methods over experimental new approaches,ISTJ
Structure and routine help me maintain productivity and efficiency,ISTJ
I take my obligations seriously and always fulfill them completely,ISTJ
My practical mindset focuses on what works in real world,ISTJ
I create order and organization wherever I go naturally,ISTJ
Reliability and consistency define my character and work ethic,ISTJ
I remember and carefully honor important meaningful traditions always,ISFJ
Helping others quietly brings me deep personal satisfaction daily,ISFJ
I create warm supportive environments for everyone around me,ISFJ
Practical caring actions show my love better than words ever could,ISFJ
I work steadily behind scenes without seeking recognition or praise,ISFJ
Protecting and supporting loved ones is my top life priority,ISFJ
I notice and attend to small details others often miss completely,ISFJ
Loyalty and dependability define my character and relationships completely,ISFJ
I anticipate others needs before they have to ask for help,ISFJ
My patience allows me to support people through difficult times,ISFJ
I preserve traditions that connect people to their heritage,ISFJ
Practical service to others gives my life meaning and purpose,ISFJ
I create stability and comfort for people I care about,ISFJ
My sensitivity helps me understand what others need emotionally,ISFJ
I work hard to meet everyone expectations without complaint,ISFJ
Maintaining harmony in relationships matters greatly to me,ISFJ
I show love through consistent reliable actions over time,ISFJ
My nurturing nature makes people feel safe and cared for,ISFJ
I remember small personal details about people I care about,ISFJ
Creating peaceful supportive environments fulfills me deeply,ISFJ
I take charge quickly and ensure things get done efficiently always,ESTJ
Following clear rules and structure creates most effective systems,ESTJ
I focus on practical tangible results over abstract theoretical ideas,ESTJ
Making logical objective decisions comes naturally to my personality,ESTJ
Efficiency and high productivity drive my daily work habits consistently,ESTJ
I organize people and tasks to maximize overall effectiveness,ESTJ
Direct honest communication prevents misunderstandings and confusion,ESTJ
Meeting deadlines and goals motivates me strongly every day,ESTJ
I implement proven procedures that ensure consistent quality results,ESTJ
My leadership style emphasizes accountability and clear expectations,ESTJ
I value tradition and established ways that have proven effective,ESTJ
Structure and organization are essential for achieving any objective,ESTJ
I make decisions quickly based on facts and logical analysis,ESTJ
My no-nonsense approach gets things done without wasting time,ESTJ
I hold myself and others to high standards consistently,ESTJ
Practical problem solving is my greatest strength in work,ESTJ
I create systems that maximize efficiency and minimize waste,ESTJ
My direct communication style leaves no room for ambiguity,ESTJ
I take responsibility seriously and always follow through completely,ESTJ
Results and concrete achievements matter more than feelings,ESTJ
Helping others and creating social harmony fulfills me deeply every day,ESFJ
I remember small details about people I care about naturally,ESFJ
Social traditions and celebrations bring me great joy and connection,ESFJ
I work hard to meet everyone needs and expectations consistently,ESFJ
Maintaining close relationships requires my constant effort and care,ESFJ
I create warm welcoming environments wherever I go naturally,ESFJ
Bringing people together gives me tremendous personal satisfaction,ESFJ
I am sensitive to others feelings and social dynamics always,ESFJ
My natural warmth makes people feel comfortable and valued,ESFJ
I organize social gatherings that bring joy to everyone,ESFJ
Helping friends and family brings me more joy than anything,ESFJ
I notice when someone is upset and offer support immediately,ESFJ
Traditional values and customs guide my approach to relationships,ESFJ
I take pride in creating comfortable spaces for people,ESFJ
My loyalty to loved ones is unwavering through all circumstances,ESFJ
I express care through practical helpful actions every day,ESFJ
Community involvement and service give my life deep meaning,ESFJ
I work tirelessly to maintain harmony in all my relationships,ESFJ
Social connections energize me and make me feel alive,ESFJ
I show love by remembering what matters to each person,ESFJ
I solve mechanical problems best through hands-on direct work,ISTP
Understanding exactly how things work fascinates me deeply always,ISTP
I stay remarkably calm under pressure in crisis situations,ISTP
Freedom and flexibility matter far more than rigid structure rules,ISTP
I learn best by doing rather than reading instructions manuals,ISTP
Practical problem-solving is my strongest natural skill in life,ISTP
I analyze situations logically before taking any action,ISTP
Working with tools and physical objects satisfies me greatly,ISTP
My independence allows me to work effectively alone anytime,ISTP
I prefer action over talking and immediate results over planning,ISTP
Hands-on experience teaches me more than any theoretical lecture,ISTP
I troubleshoot problems systematically using logical deduction,ISTP
My calm demeanor helps me handle emergencies effectively,ISTP
I enjoy taking things apart to understand their mechanisms,ISTP
Physical challenges and adventures appeal to me strongly,ISTP
I trust my ability to adapt to situations as they arise,ISTP
My practical skills make me valuable in crisis situations,ISTP
I observe situations carefully before deciding how to act,ISTP
Freedom to explore and experiment matters greatly to me,ISTP
I solve problems through trial and error rather than theory,ISTP
I live fully present in each moment without worrying about future,ISFP
Artistic expression allows me to share my inner soul with world,ISFP
I value personal freedom and authentic life experiences above all,ISFP
Natural beauty inspires me and brings deep inner peace daily,ISFP
I prefer showing love through caring actions not empty words,ISFP
Creativity flows through me in everything I do each day,ISFP
I appreciate aesthetic beauty in my surroundings constantly,ISFP
Living according to my values brings me true fulfillment,ISFP
I express myself through art music or other creative outlets,ISFP
My sensitivity to beauty enriches every experience I have,ISFP
I need freedom to follow my own path at my pace,ISFP
Authentic self-expression matters more than social expectations,ISFP
I connect with nature and find peace in natural settings,ISFP
My gentle approach to life reflects my peaceful inner nature,ISFP
I avoid conflict and seek harmony in all relationships,ISFP
Creating beautiful things brings me joy and satisfaction,ISFP
I live by my values even when others don't understand,ISFP
My artistic nature sees beauty others might miss completely,ISFP
I prefer showing rather than telling how I feel,ISFP
Freedom and authenticity define how I live my life,ISFP
I thrive on excitement spontaneity and thrilling adventures daily,ESTP
Taking immediate action beats endless planning every single time,ESTP
I read people and situations quickly and very accurately always,ESTP
Physical activities and hands-on challenges suit me perfectly,ESTP
I adapt easily and effectively to whatever situation arises,ESTP
Living in moment brings me most excitement and satisfaction,ESTP
I take calculated risks that others might avoid completely,ESTP
Practical real-world experience teaches me best always,ESTP
My energy and enthusiasm are contagious to everyone around,ESTP
I solve problems through direct action rather than theory,ESTP
Quick thinking helps me seize opportunities others miss,ESTP
I enjoy pushing limits and testing boundaries regularly,ESTP
My confidence comes from knowing I can handle anything,ESTP
I prefer doing over planning and action over contemplation,ESTP
Physical challenges and competitions energize me greatly,ESTP
I read social dynamics quickly and navigate them easily,ESTP
My spontaneity makes life exciting and unpredictable daily,ESTP
I trust my instincts and act quickly on opportunities,ESTP
Living on edge makes me feel most alive and engaged,ESTP
I thrive in fast-paced environments that require quick thinking,ESTP
I bring tremendous energy and fun to every situation I enter,ESFP
Living spontaneously makes life worth living for me every day,ESFP
I connect with people through fun shared experiences together,ESFP
Entertainment and making others laugh fulfills me completely,ESFP
I focus on fully enjoying present moment without worry,ESFP
Social interaction energizes me more than anything else possible,ESFP
I love being center of attention at gatherings and parties,ESFP
Spreading joy and positivity is my natural gift to others,ESFP
My enthusiasm for life is contagious to everyone around me,ESFP
I create fun and excitement wherever I go naturally,ESFP
Living in moment allows me to fully enjoy life experiences,ESFP
I love making people smile and feel good about themselves,ESFP
My energy and warmth draw people to me effortlessly,ESFP
I turn ordinary moments into memorable fun experiences,ESFP
Social events and gatherings are where I truly shine,ESFP
I express affection openly and physically with everyone,ESFP
My spontaneous nature makes every day an adventure,ESFP
I live for experiences that create joy and laughter,ESFP
Being around people energizes and excites me daily,ESFP
I help others let loose and enjoy themselves freely,ESFP
